ATE_causaloptim,ATE_tianpearl,ATE_entropybounds-0.80
2.6960501670837402,0.0,0.3214688301086426
